dataset,encoder,n_qubits,seed,epochs,lr,train_loss,train_acc,test_loss,test_acc,n_encoder_params,n_ansatz_params,elapsed_s
iris,fixed_angle,4,0,30,0.05,0.45975667238235474,0.8333333333333334,0.5817493796348572,0.7333333333333333,0,8,34.42649531364441
iris,fixed_amplitude,4,0,30,0.05,0.6135216951370239,0.6666666666666666,0.6035524010658264,0.6666666666666666,0,8,47.151312828063965
iris,learned,4,0,30,0.05,0.18214187026023865,0.9583333333333334,0.21771866083145142,0.9333333333333333,16,8,94.185067653656
iris,fixed_angle,6,0,30,0.05,0.4602864682674408,0.8333333333333334,0.5824929475784302,0.7333333333333333,0,12,117.85209012031555
iris,fixed_amplitude,6,0,30,0.05,1.1006629467010498,0.3333333333333333,1.1006629467010498,0.3333333333333333,0,12,90.00605010986328
iris,learned,6,0,30,0.05,0.17987366020679474,0.9583333333333334,0.21268492937088013,0.9333333333333333,24,12,124.06419110298157
iris,fixed_angle,8,0,30,0.05,0.458683043718338,0.8333333333333334,0.5798892378807068,0.7333333333333333,0,16,103.62575006484985
iris,fixed_amplitude,8,0,30,0.05,1.1012818813323975,0.3333333333333333,1.101282000541687,0.3333333333333333,0,16,91.51647067070007
iris,learned,8,0,30,0.05,0.21333928406238556,0.9416666666666667,0.22999617457389832,0.9666666666666667,32,16,192.30670309066772
iris,fixed_angle,10,0,30,0.05,0.458027720451355,0.8333333333333334,0.5785427689552307,0.7333333333333333,0,20,126.3166856765747
iris,fixed_amplitude,10,0,30,0.05,1.1014137268066406,0.3333333333333333,1.1014137268066406,0.3333333333333333,0,20,140.147451877594
iris,learned,10,0,30,0.05,0.18247699737548828,0.9583333333333334,0.21508103609085083,0.9333333333333333,40,20,305.52820897102356
wine,fixed_angle,4,0,30,0.05,0.6567893624305725,0.7746478873239436,0.5660408139228821,0.8055555555555556,0,8,55.72784686088562
wine,fixed_amplitude,4,0,30,0.05,0.7348318696022034,0.7605633802816901,0.7218096852302551,0.8055555555555556,0,8,49.222511291503906
wine,learned,4,0,30,0.05,0.537303626537323,0.7816901408450704,0.4778752326965332,0.8055555555555556,16,8,92.9622220993042
wine,fixed_angle,6,0,30,0.05,0.6567641496658325,0.7746478873239436,0.5663442611694336,0.8055555555555556,0,12,95.87660789489746
wine,fixed_amplitude,6,0,30,0.05,0.9967493414878845,0.44366197183098594,1.025684118270874,0.3055555555555556,0,12,79.38849997520447
wine,learned,6,0,30,0.05,0.543225109577179,0.795774647887324,0.5005666017532349,0.8333333333333334,24,12,128.40382409095764
wine,fixed_angle,8,0,30,0.05,0.6566470265388489,0.7746478873239436,0.5680859088897705,0.8055555555555556,0,16,123.15458035469055
wine,fixed_amplitude,8,0,30,0.05,1.0851439237594604,0.4014084507042254,1.0898730754852295,0.3888888888888889,0,16,118.50011110305786
wine,learned,8,0,30,0.05,0.5221575498580933,0.8028169014084507,0.4597437083721161,0.8055555555555556,32,16,243.89693188667297
wine,fixed_angle,10,0,30,0.05,0.6566706299781799,0.7746478873239436,0.5676814317703247,0.8055555555555556,0,20,174.59758281707764
wine,fixed_amplitude,10,0,30,0.05,1.085159182548523,0.4014084507042254,1.0898308753967285,0.3888888888888889,0,20,162.77432775497437
wine,learned,10,0,30,0.05,0.5249960422515869,0.7887323943661971,0.520116925239563,0.7777777777777778,40,20,304.87692165374756
seeds,fixed_angle,4,0,30,0.05,0.6090770363807678,0.7380952380952381,0.5933518409729004,0.7380952380952381,0,8,68.58183717727661
seeds,fixed_amplitude,4,0,30,0.05,0.935235321521759,0.6666666666666666,0.8783230781555176,0.6666666666666666,0,8,56.75295686721802
seeds,learned,4,0,30,0.05,0.31489700078964233,0.8809523809523809,0.38639554381370544,0.8333333333333334,16,8,103.99426293373108
seeds,fixed_angle,6,0,30,0.05,0.6091023087501526,0.7380952380952381,0.5933781266212463,0.7380952380952381,0,12,101.69485425949097
seeds,fixed_amplitude,6,0,30,0.05,1.110788106918335,0.3333333333333333,1.110788106918335,0.3333333333333333,0,12,91.29152393341064
seeds,learned,6,0,30,0.05,0.3602016866207123,0.8630952380952381,0.4293457567691803,0.8333333333333334,24,12,151.93915224075317
seeds,fixed_angle,8,0,30,0.05,0.6091684103012085,0.7380952380952381,0.5933306813240051,0.7380952380952381,0,16,132.98302292823792
seeds,fixed_amplitude,8,0,30,0.05,1.1111340522766113,0.3333333333333333,1.1111340522766113,0.3333333333333333,0,16,134.3787968158722
seeds,learned,8,0,30,0.05,0.30488306283950806,0.8809523809523809,0.35161063075065613,0.8809523809523809,32,16,275.57432794570923
seeds,fixed_angle,10,0,30,0.05,0.6091594696044922,0.7380952380952381,0.593345046043396,0.7380952380952381,0,20,196.5472571849823
seeds,fixed_amplitude,10,0,30,0.05,1.1098856925964355,0.3333333333333333,1.1098856925964355,0.3333333333333333,0,20,169.15082812309265
seeds,learned,10,0,30,0.05,0.34301483631134033,0.8630952380952381,0.3785989582538605,0.8571428571428571,40,20,265.9583249092102
breast_cancer,fixed_angle,4,0,30,0.05,0.37320804595947266,0.8461538461538461,0.3964531421661377,0.8596491228070176,0,8,126.9776258468628
breast_cancer,fixed_amplitude,4,0,30,0.05,0.5316399335861206,0.7582417582417582,0.555044949054718,0.7280701754385965,0,8,116.35285496711731
breast_cancer,learned,4,0,30,0.05,0.2990444004535675,0.8703296703296703,0.3177516460418701,0.8771929824561403,16,8,216.28450512886047
breast_cancer,fixed_angle,6,0,30,0.05,0.3727126717567444,0.8461538461538461,0.3957529366016388,0.868421052631579,0,12,207.91416382789612
breast_cancer,fixed_amplitude,6,0,30,0.05,0.6313616633415222,0.6571428571428571,0.6222897171974182,0.6754385964912281,0,12,184.95354771614075
breast_cancer,learned,6,0,30,0.05,0.278226763010025,0.8901098901098901,0.297056645154953,0.8947368421052632,24,12,352.80108880996704
breast_cancer,fixed_angle,8,0,30,0.05,0.37324491143226624,0.8461538461538461,0.396497517824173,0.8596491228070176,0,16,287.79560232162476
breast_cancer,fixed_amplitude,8,0,30,0.05,0.6608688831329346,0.6263736263736264,0.658128023147583,0.631578947368421,0,16,270.91683888435364
breast_cancer,learned,8,0,30,0.05,0.29799550771713257,0.8703296703296703,0.3155798017978668,0.8771929824561403,32,16,556.4700739383698
breast_cancer,fixed_angle,10,0,30,0.05,0.37330362200737,0.8461538461538461,0.3965604901313782,0.8596491228070176,0,20,425.38525319099426
breast_cancer,fixed_amplitude,10,0,30,0.05,0.6609936356544495,0.6263736263736264,0.6581262946128845,0.631578947368421,0,20,387.0795011520386
breast_cancer,learned,10,0,30,0.05,0.2808821499347687,0.8901098901098901,0.29886502027511597,0.8947368421052632,40,20,739.4397387504578
iris,fixed_basis,4,0,30,0.05,0.6940609812736511,0.725,0.810760498046875,0.7666666666666667,0,8,9.705768823623657
iris,fixed_basis,6,0,30,0.05,0.7891088128089905,0.7083333333333334,0.7775400876998901,0.7,0,12,13.54159665107727
iris,fixed_basis,8,0,30,0.05,0.7186111211776733,0.725,0.8254584074020386,0.7666666666666667,0,16,18.137008666992188
iris,fixed_basis,10,0,30,0.05,0.7187125086784363,0.725,0.8200247287750244,0.7666666666666667,0,20,24.230738401412964
wine,fixed_basis,4,0,30,0.05,1.0761175155639648,0.5633802816901409,1.0923957824707031,0.6111111111111112,0,8,10.890633344650269
wine,fixed_basis,6,0,30,0.05,1.0134785175323486,0.39436619718309857,0.9998921155929565,0.4722222222222222,0,12,15.993537902832031
wine,fixed_basis,8,0,30,0.05,1.0134516954421997,0.39436619718309857,1.0001282691955566,0.4722222222222222,0,16,21.557737827301025
wine,fixed_basis,10,0,30,0.05,1.0761935710906982,0.5633802816901409,1.0914627313613892,0.6111111111111112,0,20,28.036153554916382
seeds,fixed_basis,4,0,30,0.05,0.6973147392272949,0.6904761904761905,0.7775941491127014,0.6666666666666666,0,8,12.980743885040283
seeds,fixed_basis,6,0,30,0.05,0.6970721483230591,0.6904761904761905,0.7732146382331848,0.6666666666666666,0,12,18.864551544189453
seeds,fixed_basis,8,0,30,0.05,0.6970421671867371,0.6904761904761905,0.7736705541610718,0.6666666666666666,0,16,25.473342180252075
seeds,fixed_basis,10,0,30,0.05,0.6969342231750488,0.6904761904761905,0.7720768451690674,0.6666666666666666,0,20,33.00636148452759
breast_cancer,fixed_basis,4,0,30,0.05,0.4656522870063782,0.8219780219780219,0.618903398513794,0.7543859649122807,0,8,34.60201025009155
breast_cancer,fixed_basis,6,0,30,0.05,0.46560564637184143,0.8219780219780219,0.6165884137153625,0.7543859649122807,0,12,49.86165261268616
breast_cancer,fixed_basis,8,0,30,0.05,0.46554726362228394,0.8219780219780219,0.618869960308075,0.7543859649122807,0,16,80.53540897369385
breast_cancer,fixed_basis,10,0,30,0.05,0.46566516160964966,0.8219780219780219,0.6186854839324951,0.7543859649122807,0,20,117.55591559410095
